,Unnamed: 0,Title,Description,Date,Category,Source
0,0,"Deadly Rocky Mountain spotted fever outbreak in California likely came from Mexico, CDC says - Fox News","An outbreak of Rocky Mountain spotted fever reported in southern California has led to three deaths, according to a CDC advisory. Dr. Marc Siegel weighed in on the health situation.",2023-12-11T01:18:00Z,Health,Fox News
1,1,"What to know about COVID, RSV and flu vaccines this winter - PBS NewsHour","As we head into the winter holidays, John Yang speaks with epidemiologist Katelyn Jetelina about the current state of affairs with COVID, RSV and flu infections, lagging vaccination rates and how to stay healthy this season.",2023-12-10T22:40:32Z,Health,PBS
2,2,Odd Hack for Panic Attacks Goes Viral on TikTok - Newser,And experts agree: Sucking on sour candy can help tamp down on anxiety,2023-12-10T22:35:00Z,Health,Newser
3,3,"Getting charged on energy drinks? Be wary of the potential dangers, one doctor warns - WTOP","If you are looking to put a pep in your holiday step with energy drinks, one doctor recommends finding other ways to get going and fight the winter doldrums.",2023-12-10T21:34:33Z,Health,WTOP
4,4,"Are There Any Nutrients That *Actually* Help Prevent Hair Loss? An RD, Derm, and Trichologist Tell All - Well+Good",Experts share what to consider adding to your meals and snacks in order to get more nutrients that prevent hair loss into your diet.,2023-12-10T21:16:25Z,Health,Well+Good
6,6,"Human trials for universal flu vaccine may start as COVID, flu cases begin to rise - KOMO News","If you're traveling for the holidays, be aware. Respiratory illness cases are going up in parts of the country.",2023-12-10T19:31:36Z,Health,KOMO News
7,7,Cardiologists: Don't ignore heart trouble symptoms because of the holidays - News 12 Bronx,"Doctors say during the holidays, people experience joy and stress simultaneously. But that stress can cause one's heart rate and blood pressure to spike.",2023-12-10T18:07:35Z,Health,News12.com
8,8,I thought I had the flu — it was a flesh-eating disease that ravaged my butt - New York Post ,"“My bottom looks like a peach that someone has taken a huge bite out of on one side,” lamented Tracy de Jongh Eglin, 59.",2023-12-10T17:25:00Z,Health,New York Post
9,9,"Sexting and cheating: My relationship is perfect, but I'm addicted to talking to strangers online - Slate",It's not hurting anyone ... right?,2023-12-10T17:15:00Z,Health,Slate Magazine
10,10,"Ozempic could help curb alcohol abuse, study reveals - New York Post ",OU Health researcher says patients have reported a ‘spontaneous decrease’ in alcohol consumption,2023-12-10T16:53:00Z,Health,New York Post
11,11,Support for family of Minnesota toddler who died of RSV - Bring Me The News,,2023-12-10T16:36:17Z,Health,Bring Me The News
12,12,Cold weather may raise the risk of this heart problem - The Washington Post,"Rapid heartbeat, shortness of breath, dizziness or light-headedness, chest pain and fatigue are all typical AFib symptoms.",2023-12-10T16:32:21Z,Health,The Washington Post
14,14,Sexually transmitted diseases are surging in America. The CDC explains what to look out for - Salon,"From gonorrhea and syphilis to newer ailments, these are the STDs that you need to be on the watch for",2023-12-10T13:30:00Z,Health,Salon
15,15,"Our organs age at different rates, faster ageing means 20-50% higher mortality risk, shows study - ThePrint","ScientiFix, our weekly feature, offers you a summary of the top global science stories of the week, with links to their sources.",2023-12-10T13:17:31Z,Health,ThePrint
16,16,Why Women Who Make The Best Wives Always Seem To Attract The Very Worst Men - YourTango,"Trying to find an equal partner can be hard, especially for successful women. It can cause them to end up settling, rather than being alone. Here's why women who would make the best wives end up with mediocre men.",2023-12-10T13:02:57Z,Health,YourTango
17,17,"Chronic fatigue syndrome is not rare, says new CDC survey - WBAL TV Baltimore",Health officials are releasing the first nationally representative estimate of how many U.S. adults have chronic fatigue syndrome: 3.3 million.,2023-12-10T12:53:00Z,Health,WBAL TV Baltimore
18,18,Are mashed potatoes healthy? - USA TODAY,We may think mashed potatoes are unhealthy because of the saturated fats in them. But you can make this side dish part of a nutritious meal.,2023-12-10T12:04:05Z,Health,USA Today
19,19,A mystery sign outside this SF home is the last remnant of a quack doctor - SFGATE,The doctor the American Medical Association called “the dean of 20th century charlatans” found fame and fortune with two machines that didn't work.,2023-12-10T12:04:03Z,Health,SFGate
20,20,Springfield doctors discuss rise in respiratory illnesses - KY3,Respiratory illnesses are on the rise nationwide according to the CDC. That’s why Springfield doctors are encouraging people to do what they can to prevent the spread of disease.,2023-12-10T12:03:00Z,Health,KY3
21,21,"What is the healthiest wine? Nutrition of red, white wine explained. - USA TODAY","You may not want to hear it, but healthier wine has less alcohol. Here's are some tips on how to enjoy wine in the healthiest possible way.",2023-12-10T12:01:59Z,Health,USA Today
22,22,"Inflammation is a 'mismatch between our evolutionary history and modern environment,' says immunologist Ruslan Medzhitov - Livescience.com","In this interview, immunologist Ruslan Medzhitov explains how fundamental inflammation is, why it often goes wrong, and whether there's anything we can do about chronic inflammation.",2023-12-10T12:00:46Z,Health,Live Science
23,23,"10 Best Breakfast Foods for Losing Weight & Gaining Muscle - Eat This, Not That","Destini Moody, RDN, CSSD, LD, shares the 10 best breakfast foods for weight loss and muscle gain to add to your rotation.",2023-12-10T11:00:56Z,Health,Eatthis.com
24,24,What happens in your body during a fever? - Livescience.com,People often experience fevers when they get sick. But what is going on in your body as your temperature spikes?,2023-12-10T11:00:22Z,Health,Live Science
25,25,Electrical Brain Stimulation Improves Mental Processes in Alzheimer's Patients - Good News Network,"The innovative technology, known as transcranial direct current stimulation (tDCS), could also be used as a treatment to improve cognition.",2023-12-10T11:00:13Z,Health,Good News Network
26,26,Russia faces shortage of HIV/AIDS drugs - DW (English),"More than one million people in Russia are HIV positive, but many don't receive the necessary treatment. As infection rates soar, supplies of HIV/AIDS medications are dwindling. Why is that?",2023-12-10T10:07:49Z,Health,DW (English)
27,27,"Longevity tips from trainer who has worked with Meghan Markle, Jennifer Aniston - Business Insider","Sebastien Lagree, who has worked with celebs like Meghan Markle and Jennifer Aniston, says the right workout routine can help you live longer.",2023-12-10T10:07:00Z,Health,Business Insider
28,28,3 Surprising Spices Experts Say You Can Add To Your Coffee To Put An End To Bloating Because They Stimulate Digestion - SheFinds,"Discover 3 of the best spices you can sprinkle into your coffee for healthier digestion, only on SheFinds.",2023-12-10T10:00:46Z,Health,SheFinds
29,29,"Hundreds of elephant seals dead as bird flu hits Antarctic, raising fears penguins could be next - Salon","“If the virus reaches those populations, they are in threat of extinction,"" one expert told New Scientist",2023-12-10T10:00:00Z,Health,Salon
30,30,Repeated Ketamine Use Fundamentally Changes The Brain's Dopamine System in Mice - ScienceAlert,"Ketamine is well known for being a dangerous recreational drug, but when properly managed it can help treat a variety of health problems.",2023-12-10T09:04:21Z,Health,ScienceAlert
31,31,France reveals 2022 Campylobacter data - Food Safety News,"Santé Publique France has published details on Campylobacter infections in 2022, including 60 outbreaks. Epidemiological surveillance findings are based",2023-12-10T05:06:55Z,Health,Food Safety News
32,32,Hidden Peril in Your Mouth: Scientists Discover That a Common Oral Pathogen Increases Heart Attack Damage - SciTechDaily,Scientists at Tokyo Medical and Dental University have discovered that the gum disease-causing bacterium Porphyromonas gingivalis can disrupt the merging of autophagosomes and lysosomes. This interference aggravates heart tissue restructuring and increases th…,2023-12-10T05:06:20Z,Health,SciTechDaily
33,33,How to brace for peak Cedar Fever season - KXAN.com,"Austin (KXAN) — Yellow leaves and bare branches are sure signs that winter is on its way. For Texans, the month of December means peak Cedar Fever season as well.",2023-12-10T03:09:54Z,Health,KXAN.com
34,34,Signs Of Heart Disease: 7 Little-Known Symptoms You Need TO Know | TheHealthSite.com - TheHealthSite,Listening to your body especially at night can differentiate between timely intervention and a potentially life-threatening situation. TheHealthSite.com,2023-12-10T02:23:00Z,Health,Thehealthsite.com
35,35,The Sweet Reason Why An Entire Plane Began Singing To A Belligerent Elderly Passenger - YourTango,"Passengers on a plane were startled when an older man with Alzheimer's became frightened and belligerent, demanding to get off. To calm him down his wife began singing to him and the rest of the passengers joined in.",2023-12-10T01:19:05Z,Health,YourTango
36,36,Rare virus wipes out all rabbits at Bay Area petting zoo - SFGATE,All of the rabbits at the Little Farm at Tilden Regional Park died last month after contracting a viral illness.,2023-12-10T00:21:23Z,Health,SFGate
37,37,Cat Bohannon's Bestselling Book Puts Women at the Center of Evolution. Here's How it Can Help All of Us Get Healthier - Maria Shriver's Sunday Paper,"In recent years, women’s health issues have gotten more airtime than ever before.

We know women suffer disproportionately from many diseases, like Alzheimer’s, multiple sclerosis, and autoimmune conditions. We know women make up 85 percent of migraine patien…",2023-12-09T23:01:57Z,Health,Mariashriversundaypaper.com
38,38,Revolutionizing Gut Health: How Two Common Food Fungi Might Be Nature's Newest Probiotics - SciTechDaily,"The food industry has long utilized various fungal strains for their fermentation, flavor production, and ability to produce heterologous molecules. A recent study highlights the potential probiotic effects of two fungi, commonly used in food production, on g…",2023-12-09T22:33:41Z,Health,SciTechDaily
39,39,Combating Mystery Canine Illness Impacting Nation - MyMotherLode.com,The warnings have gone out around the country for pet owners to watch their dogs for any signs of the respiratory illness.,2023-12-09T22:00:59Z,Health,MyMotherLode.com
40,40,The mask mandate is back for BJC staff - KSDK.com,"The move is part of the hospitals' new routine procedure as they tackle virus prevention and transmission, officials said.",2023-12-09T21:59:51Z,Health,KSDK.com
41,41,5 things we learned about boosting your brain health this week - Yahoo Life,Your cognitive function is an important part of your health. Here's how chocolate and sleep can improve it.,2023-12-09T21:36:57Z,Health,Yahoo Entertainment
42,42,Why Women Live Longer Than Men — And How Relationships Affect Your Longevity - YourTango,"Why do women live longer than men? Relationship expert Keith Dent explains what impacts longevity differences between genders, as well as how healthy, happy relationships can increase your life span.",2023-12-09T21:03:37Z,Health,YourTango
43,43,Researchers are upbeat about cardiac regeneration - Medical Xpress,"Think of them as the Energizer Bunnies of the heart, tiny natural batteries that keep this vital organ beating 100,000 times a day as it pumps 2,000 gallons of blood throughout the human body.",2023-12-09T18:11:46Z,Health,Medical Xpress
44,44,HIV vaccine trial dubbed ‘last roll of the dice’ halted over poor results - CNN,An HIV vaccine trial dubbed this decade’s “last roll of the dice” has stopped vaccinations immediately following disappointing results.,2023-12-09T16:29:00Z,Health,CNN
45,45,This new sound based 3D printing technique is the future - Interesting Engineering,,2023-12-09T15:57:00Z,Health,Google News
46,46,"Owning cat could double schizophrenia risk, reveals new study - Times of India - IndiaTimes","Science News: Scientists in Australia, after analysing 17 studies, conclude that owning a cat could double the risk of developing schizophrenia, according to the Ne",2023-12-09T15:24:10Z,Health,The Times of India
47,47,Are Low-Fat Dairy Products Really Healthier? - Yahoo News,"Scan the dairy case of any grocery store, and you’ll find rows upon rows of products with varying levels of fat. Nonfat, low-fat, whole: What’s the...",2023-12-09T15:11:41Z,Health,Nytlicensing.com
48,48,Rare clotting effect of early COVID shots finally explained — what could that mean for future vaccines? - Livescience.com,Scientists have offered a new explanation for why COVID-19 vaccines that contained adenoviruses carried a rare-but-serious risk of blood clotting.,2023-12-09T15:00:55Z,Health,Live Science
49,49,"Tips for a healthier winter: Snowga, potlucks, flu shot and more - The Washington Post",We polled experts to get a list of tips for boosting your immune system and your mood this winter. Their ideas included the right lip balm and yoga in the snow.,2023-12-09T12:09:43Z,Health,The Washington Post
50,50,"140 reports of food poisoning after eating at Sushi Nine, forcing temporarily closure - WRAL News",Wake County Environmental services is investigating 140 cases of foodborne illness at Sushi Nine on Western Boulevard.,2023-12-09T12:01:05Z,Health,WRAL.com
51,51,Do cold temperatures really make you sick? Experts debunk winter weather myths - USA TODAY,Can you shower before leaving the house? Does alcohol keep you warm? Three experts weigh in on 12 common myths about cold weather.,2023-12-09T11:55:33Z,Health,USA Today
52,52,"Vitamin D supplements didn't prevent kids' broken bones, study finds - The Washington Post","The supplements may have failed because they weren’t paired with calcium, which strengthens bones as well, researchers say.",2023-12-09T11:41:02Z,Health,The Washington Post
54,54,"Tiny Changes, Big Benefits: Simple Lifestyle Changes Are Vital for Preventing Hip Fractures - SciTechDaily","Implementing community-wide simple bone-strengthening strategies, not limited to high-risk individuals, may significantly reduce hip fractures, according to a recent Australian study. Simple, community-wide strategies to enhance bone health could significantl…",2023-12-09T11:17:55Z,Health,SciTechDaily
55,55,What is gluten? Here's what does it do to your body - USA TODAY,"Gluten is found in various grains like wheat, barley and rye. Some people unnecessarily choose to exclude it from their diet.",2023-12-09T11:04:15Z,Health,USA Today
56,56,"16 Best Floor Exercises To Melt Belly Fat - Eat This, Not That","A fitness trainer shares 16 of the best floor exercises to melt belly fat and get into shape, using just your body weight.",2023-12-09T11:01:09Z,Health,Eatthis.com
57,57,Systemic Insanity - Mad in America,"Is the answer to numb ourselves? Shouldn't the solution be to heal and live lives that don't make us stressed, unhappy, and sick?",2023-12-09T11:00:50Z,Health,Madinamerica.com
58,58,Can we delay the menopause? - BBC News - BBC News,"The menopause is becoming less of a taboo and more work is being done to better understand women’s reproductive health.But could we, and should we, delay the...",2023-12-09T11:00:42Z,Health,YouTube
59,59,People will these personality traits will have great memory in old age - IndiaTimes,"​Old age is a big risk factor for dementia, an umbrella term for various mental health disorders like Alzheimer's. As one grows old, memory and the power to concentrate declines. However, the aging process doesn't necessarily equate to inevitable memory decli…",2023-12-09T10:30:00Z,Health,The Times of India
60,60,Almost 40% of People With Dementia Don't Seem to Know They Have It - ScienceAlert,"Around 36% of people in England with dementia are unaware they have the condition, according to a new report from the Dementia Commission.",2023-12-09T10:27:15Z,Health,ScienceAlert
61,61,40 mn women face prolong health issues after childbirth every year: Lancet - Business Standard,"Every year, at least 40 million women are likely to experience a long-term health problem caused by childbirth, new study published in The Lancet Global Health journal has found.",2023-12-09T10:02:13Z,Health,Business Standard
62,62,8 vitamins and minerals that slow down brain aging (dietary sources inside) - IndiaTimes,"​As we age, the health of our brain becomes a critical consideration for maintaining overall well-being. Cognitive decline is a natural part of aging, but emerging research suggests that certain vitamins and minerals can play a pivotal role in preserving brai…",2023-12-09T10:00:00Z,Health,The Times of India
63,63,"After an Ear Piercing, Your Skin Microbiome Changes in a Fundamental Way - ScienceAlert","You may not have ever realized it, but there are many trillions of microorganisms living on our skin – and puncturing the skin and inserting a metal object, also known as getting a piercing, creates a significant shift in that microbiome.",2023-12-09T09:01:16Z,Health,ScienceAlert
66,66,Mandelic acid for skin: The new ingredient to add to your skincare routine - Lifestyle Asia India,"Elevate your skincare routine with Mandelic Acid! Explore its gentle yet powerful benefits for clearer, brighter, and smoother skin.",2023-12-09T06:34:48Z,Health,Lifestyleasia.com
67,67,The number one ranked Street Fighter 6 user is now a Lily player and is apparently the only one - EventHubs,"Street Fighter 6 is now a good ways into its second ranking season after the initial Master Rate reset, and we're seeing some interesting things.Key and point being one Lily player doing what no other has been able ...",2023-12-11T03:50:21Z,Technology,EventHubs
68,68,Apple's iPhone And Watch Product Design Chief To Depart In February - NDTV,"The Apple Inc. executive in charge of product design for the iPhone and smartwatch is stepping down, bringing a shake-up to the company's most critical product lines.",2023-12-11T03:33:11Z,Technology,NDTV News
69,69,'Florida Joker' Wants a Massive Rockstar Payday for Allegedly Using Likeness in GTA 6 - Push Square,"""Florida Joker ain't having that""",2023-12-11T03:00:00Z,Technology,Push Square
70,70,GTA 6 fan reimagines trailer for Switch port using PlayStation 1 graphics - Dexerto,A GTA 6 fan has created the new announcement trailer using old school PlayStation graphics and claimed this is what the Switch port would be.,2023-12-11T00:59:37Z,Technology,Dexerto
71,71,45 Gifts To Give This Holiday If You *Still* Don't Even Know Where To Start - BuzzFeed,"It's beginning to look a lot like ""OMG you got me the best gift ever.""",2023-12-11T00:31:02Z,Technology,Buzzfeed
72,72,Beeper? I Hardly Knew Her. - Daring Fireball,The three-day saga of an unauthorized iMessage client for Android.,2023-12-11T00:23:53Z,Technology,Daringfireball.net
73,73,"Samsung to get Google Pixel 8's AI wallpapers, leak shows - 9to5Google",Samsung appears to be getting the generative AI wallpapers from the Google Pixel 8 and Pixel 8 Pro as a new leak reveals.,2023-12-11T00:14:00Z,Technology,9to5google.com
74,74,Inside look at Sony Pictures' new Ghostbusters-themed bar - Ghostbusters News,"Ahead of next month’s grand opening of Sony Pictures’ first-ever immersive entertainment destination, Wonderverse, early previews began this weekend, which, in turn, has provided us our first look inside the Ghostbusters-themed speakeasy stationed in the Oakb…",2023-12-11T00:06:24Z,Technology,Ghostbustersnews.com
75,75,This company wants to create ‘gas stations in space’ - CNN,"Currently, satellites can’t be refueled in space, meaning that when they run out of fuel they become space debris. Colorado-based Orbit Fab wants to change that.",2023-12-11T00:04:00Z,Technology,CNN
76,76,Use Google Play Points to snag 40% discount on Pixel 8 series and Pixel tablet - PhoneArena,"Save 40% on the Pixel 8, Pixel 8 Pro, and the Pixel Tablet by redeeming your Pixel Play Points.",2023-12-10T22:59:56Z,Technology,PhoneArena
77,77,Senator Warren calls out Apple for shutting down Beeper’s ‘iMessage to Android’ solution - TechCrunch,"U.S. Senator Elizabeth Warren (D-Mass.) is throwing her weight behind Beeper, the app that allowed Android users to message iPhone users via iMessage,",2023-12-10T22:51:23Z,Technology,TechCrunch
78,78,The Finals players divided on whether Light class needs buffs - Dexerto,"The Light class continues to be a talking point amongst The Finals fans, as players remain divided on whether the class needs buffs or not.",2023-12-10T22:45:54Z,Technology,Dexerto
79,79,Researchers made VR goggles for mice to study how their brains respond to swooping predators - Engadget,Researchers from Northwestern University developed mouse-sized VR goggles to create a more immersive environment for studying their response to overhead...,2023-12-10T21:59:27Z,Technology,Engadget
80,80,Pokemon Go 2023 Level Challenges Timed Research tasks & rewards - Dexerto,Pokemon Go has revealed the tasks and rewards for one of the Adamant Time event's Timed Researches. Here's what you need to do.,2023-12-10T21:48:48Z,Technology,Dexerto
81,81,Apple Leak Confirms Surprise iPhone 16 Pro Upgrade - Forbes,iPhone 16 Pro models will be the first to benefit from upgrades that could change iPhone designs for years to come...,2023-12-10T21:42:00Z,Technology,Forbes
82,82,New Copilot features will let you use DALL-E 3 for free - BGR,"Microsoft Copilot is set to receive a few new features over the next few months, and three of them are especially exciting.",2023-12-10T21:16:00Z,Technology,BGR
83,83,Apple may release M3 MacBook Air in March and refine its iPad lineup with new iPad Pro and iPad Air - Engadget,"Bloomberg's Mark Gurman has predicted Apple will release new iPad Pros and iPad Airs in March, both coming in two size options. He also says Apple will...",2023-12-10T20:54:25Z,Technology,Engadget
84,84,Unvanquished 0.54.1 Released With Rendering Fixes & Better Bots - Phoronix,Unvanquished has been a promising open-source first person shooter game in development for over a decade,2023-12-10T20:48:00Z,Technology,Phoronix
85,85,New phone comes with old frustrations - Star Tribune,"Follow the StarTribune for the news, photos and videos from the Twin Cities and beyond.",2023-12-10T20:30:39Z,Technology,Minneapolis Star Tribune
86,86,Spy Shot: Wireless MTB Brakes? - BikeRumor.com,"Is this a wireless hydraulic disc brake system for mountain bikes? We're not sure, but this spy shot got our attention.",2023-12-10T20:05:24Z,Technology,Bikerumor.com
87,87,Apple begins scheduling Vision Pro training for retail employees as launch nears - 9to5Mac,"Apple is ramping up its preparation for Vision Pro’s retail launch, according to a new report from Bloomberg. Apple has...",2023-12-10T19:43:00Z,Technology,9to5Mac
88,88,"""White bikini girl is not Lucia"": GTA 6 protagonist controversy continues - Sportskeeda","Lucia was easily the main focus of the GTA 6 trailer, with one of the very first scenes of the trailer revealing the female protagonist.",2023-12-10T19:40:00Z,Technology,Sportskeeda
89,89,Dual-screen laptop with Intel N100 and 16GB RAM sells for $699 and up - Liliputing,Dual-screen laptop with Intel N100 and 16GB RAM sells for $699 and up,2023-12-10T19:20:39Z,Technology,Liliputing
90,90,"Warhammer Next, Next Week - Kill Team Salvation, More Nids, And Deathgorge - BoLS",Games Workshop rolls out some big bugs and new Kill Team buds... in about two weeks or so. Get ready for Kill Team Salvation.,2023-12-10T19:11:10Z,Technology,Belloflostsouls.net
91,91,Turn on double tap on any Apple Watch: How-to - 9to5Mac,This guide covers how to use double tap on any Apple Watch – Series 3 and later – with quick actions and AssistiveTouch.,2023-12-10T19:09:00Z,Technology,9to5Mac
92,92,Best smart home devices in 2023 - Android Police,Automate your living space with these smart home devices,2023-12-10T19:00:00Z,Technology,Android Police
93,93,The Coolest Ways To Use Widgets On Your Android Phone - SlashGear,"Widgets are one of the Android operating system&amp;#39;s greatest features. They put all the convenience of an app right where you need it, customized just for you.",2023-12-10T18:30:43Z,Technology,SlashGear
94,94,DOOM co-creator John Romero releases new Sigil II campaign for 30th anniversary - Destructoid,"Fans of DOOM have more to rip and tear into, as co-creator John Romero has released a brand new, unofficial episode for the game.",2023-12-10T18:28:27Z,Technology,Destructoid
95,95,"Ford Mustang vs C7 Corvette Drag Race Ends, How Else, With the Mustang in the Wall - The Drive",A S550-generation Ford Mustang GT crashes into a wall while trying to drag race a C7 Corvette Grand Sport.,2023-12-10T18:05:57Z,Technology,The Drive
96,96,"Ghostbusters 'Two in the Box' HasLab crosses final stretch goal, exceeds 20000 backers - Ghostbusters News","Hasbro's Ghostbusters Two in the Box HasLab has just crossed 20,000 backers, not only shattering previous records held by the once available Plasma Series Spengler's Proton Pack but has also led to the unlocking of the campaign's just revealed final stretch g…",2023-12-10T18:01:24Z,Technology,Ghostbustersnews.com
97,97,WoW players rage at “stupidly OP” Paladins in Season of Discovery - Dexerto,Paladins have proved to be very effective in Season of Discovery and not everyone is particularly happy about it.,2023-12-10T17:58:18Z,Technology,Dexerto
98,98,Versatile MTG Ixalan Two-Drop Makes Waves in Multiple Formats! - MTG Rocks,"Inti, Seneschal of the Sun is an elite Ixalan two-drop that is beginning to make its mark in multiple Constructed formats.",2023-12-10T17:55:14Z,Technology,Mtgrocks.com
99,99,Apple’s third-generation AirPods are back on sale for $140 - Engadget,"Apple's third-generation AirPods are only $140 right now in a deal on Amazon, or $30 off their usual price. This is the lowest price they've ever been, last ...",2023-12-10T17:43:33Z,Technology,Engadget
100,100,"Daily Deals: Meta Quest 2, Metal Gear Solid: Master Collection Vol.1, Xbox Series X - IGN","Check out the best available deals for Sunday, December 10.",2023-12-10T17:33:59Z,Technology,IGN
101,101,"Yo, Video Game Industry: Please Get Some Self-Esteem - TheGamer",The Game Awards 2023 showed more than ever that the industry needs to have more self-respect and self-esteem.,2023-12-10T17:30:00Z,Technology,TheGamer
102,102,iPhone is no longer the superstar of Apple's ecosystem (but Tim Cook is doing everything right) - PhoneArena,"I find it that my iPhone is no longer as irreplaceable as it used to be, because it doesn't feel as special compared to my MacBook (or AirPods).",2023-12-10T17:15:35Z,Technology,PhoneArena
103,103,"Raspberry Pi releases PCIe FFC connector specifications, new HAT+ standard - CNX Software",Raspberry Pi has released two new specifications one for the PCIe FFC connector and related cable and the other for the new Raspberry Pi HAT+ (HAT Plus),2023-12-10T17:01:10Z,Technology,CNX Software
104,104,1971 Plymouth GTX Has An Unexpected Surprise Under The Hood - HotCars,"Dubbed the Plymouth GTX-R, this beautiful B-body restomod is packing a 630-HP Viper V10 up front.",2023-12-10T17:00:00Z,Technology,HotCars
105,105,"Linux Mint 21.3 Beta Released, Available to Download - OMG! Ubuntu!","Eager to get your hands on the next Linux Mint release? You can, as a beta build is now available to download. Linux Mint 21.3 beta isn’t production ready so in theory you shouldn’t be ...",2023-12-10T16:40:08Z,Technology,Omgubuntu.co.uk
106,106,The Day Before torn apart as players claim it’s an “obvious scam” & “asset flip” - Dexerto,"The Day Before is catching heat from players who claim it's an ""obvious scam"" and that the game is made up mostly of assets.",2023-12-10T16:17:31Z,Technology,Dexerto
107,107,10 simple steps to improve your smartphone’s security and privacy - Fox News,"Cellphones are home to more personal information than ever. Kurt ""CyberGuy"" Knutsson offers some simple tips to bolster the security of your smartphone.",2023-12-10T16:00:00Z,Technology,Fox News
108,108,Daigo Umehara wins round against Master Rashid with three perfectly timed Overdrive SPDs from Zangief in Street Fighter 6 - EventHubs,"BST|Daigo Umehara has been known as a Ken main throughout Street Fighter 6's lifespan thus far. However, it seems that Daigo has recently opted to dabble in Zangief following the release of his Outfit 3 that puts him ...",2023-12-10T15:58:39Z,Technology,EventHubs
109,109,Sega wants classic franchise reboots to show 'edginess and a rebellious mind-set' | VGC - Video Games Chronicle,Sega has confirmed some of the original team behind Jet Set Radio are involved in the…,2023-12-10T15:54:15Z,Technology,Video Games Chronicle
110,110,15 Best Single Player Games of 2023 YOU LIKELY MISSED - GamingBolt,"The stars had to align in more ways than one for 2023 to be as packed full of stellar new game releases as it was, and the end result was a year that’s likel...",2023-12-10T15:00:36Z,Technology,YouTube
111,111,"Zelda, ""Linguistic Chaos"", And The Challenges Of Bringing 'Outer Wilds' To Switch - Nintendo Life","""We love Outer Wilds and we’re thrilled it’s on the Nintendo Switch""",2023-12-10T15:00:00Z,Technology,Nintendo Life
112,112,Light No Fire Handily Tops YouTube Views for TGA 2023 Trailers - Wccftech,"The reputation issues of Hello Games are clearly in the past, with their next project Light No Fire topping YouTube views among TGA 2023 news",2023-12-10T14:00:00Z,Technology,Wccftech
113,113,‘Fortnite’ Has Actually Made The Metaverse After Everyone Else Quit - Forbes,"The metaverse was a buzzword almost killed by big tech, but with LEGO, music and racing launches, Fortnite may actually have made it, at last.",2023-12-10T13:53:43Z,Technology,Forbes
114,114,"Google Gemini, Lego Fortnite, and everything else to try this week - The Verge","Plus iMessage for Android, AI images, Resident Evil 4, Disney Plus with Hulu, and more in this week’s edition of the Installer newsletter.",2023-12-10T13:00:00Z,Technology,The Verge
115,115,Steam drops 6 new titles you can download for free - GAMINGbible,"It’s the season of giving, and Steam is feeling generous as it’s made another six games free to download and keep forever.",2023-12-10T12:44:59Z,Technology,Gamingbible.com
116,116,Best Wi-Fi 7 routers of 2023: The future of Wi-Fi is here - Tom's Guide,These are the best Wi-Fi 7 routers we've tested so far,2023-12-10T12:30:47Z,Technology,Tom's Guide
117,117,34 Gifts That Are Worth Buying For The Aesthetic Alone - BuzzFeed,Make their world a whole lot prettier with this mesmerizing reverse coloring book and rain cloud diffuser.,2023-12-10T05:01:03Z,Technology,Buzzfeed
118,118,How to Upgrade Tools in LEGO Fortnite - The Escapist,,2023-12-09T23:45:41Z,Technology,The Escapist
119,119,"HW News - Amazon GPU Scams, RX 7900 XTX Booming, New RTX 4090D, & Eternal Life USB Keys - Gamers Nexus","Sponsor: Get 10% off Squarespace purchases (https://geni.us/BqEpf)This hardware news recap talks about Amazon GPU pricing scams, ""eternal life"" scams -- a cl...",2023-12-09T22:13:16Z,Technology,YouTube
120,120,"Lethal Company Version 45 patch notes: New Monsters, Items & more - Dexerto","Lethal Company's first big content update, Version 45, is out! Here are the full patch notes and everything we know about the update.",2023-12-09T22:04:17Z,Technology,Dexerto
121,121,"The Finals developers say they've found why movement speed feels slower, despite ""no change"" since beta - Rock Paper Shotgun","Players are reporting that movement in The Finals is slower than it was in the beta, despite the developers saying nothing has changed.",2023-12-09T21:40:42Z,Technology,Rock Paper Shotgun
122,122,5 Major Photography Changes in the Last 5 Years - Fstoppers,"The last five years have been a real whirlwind for the photo industry. What have been some of the biggest changes? This great video takes a look. Coming to you from Leigh & Raymond Photography, this interesting video examines five ways photography has changed…",2023-12-09T21:03:01Z,Technology,Fstoppers
123,123,This RTX 4070 Ti + Core i5 12400F prebuilt gaming PC is down to £1299 at Stormforce Gaming - Rock Paper Shotgun,The StormForce Crystal gaming PC comes with a Core i5 12400F and RTX 4070 Ti and costs £1299 after a £500 price reduction.,2023-12-09T19:30:00Z,Technology,Rock Paper Shotgun
124,124,Avatar: Frontiers of Pandora hidden Unobtainium graphics setting needs next-gen GPUs - Notebookcheck.net,"Earlier this week, Ubisoft unveiled a rich set of command line parameter options available for Avatar: Frontiers of Pandora. The hidden quality level Unobtainium barely works with today's high-end GPUs and was designed to deliver a video quality level in line…",2023-12-09T19:08:46Z,Technology,Notebookcheck.net
125,125,Fortnite Rocket Racing tips and tricks to get first place - Dot Esports,Rank up the ladder fast.,2023-12-09T18:56:14Z,Technology,Dot Esports
126,126,Imagine Meta AI Image Generator Can Conjure Amazing Artwork And It’s Free - Hot Hardware,"There's a new AI image generator on the block, and it's pretty darn powerful. Best of all, it doesn't have a limit on uses per day.",2023-12-09T18:45:00Z,Technology,Hot Hardware
127,127,iPhone owners to get significant wireless charging boost - Yahoo Life,,2023-12-09T18:00:25Z,Technology,Yahoo Entertainment
128,128,LEGO Fortnite: Players recreate 9/11 in the first day - Business Insider,"LEGO Fortnite has a lower ESRB rating that the normal battle royale mode, but that didn't stop players from reenacting 9/11.",2023-12-09T17:56:00Z,Technology,Business Insider
129,129,OnePlus 12: The secret to beating Samsung and Pixel is striking the perfect balance? - PhoneArena,Why would anyone buy a Pixel 8 Pro or a Galaxy S23 Ultra when this phone exists?,2023-12-09T17:21:39Z,Technology,PhoneArena
130,130,AirTags Are Secretly Back Down To Their Black Friday Price – But We Don’t Know For How Long - HuffPost,These little location-tracking wonders flew off the shelves during Black Friday — and you can grab a 20% discount again right now.,2023-12-09T16:35:29Z,Technology,HuffPost
131,131,"Gemini Ultra, Google's new AI, could be smarter than OpenAI's GPT-4 - Business Insider","Gemini Ultra, the most advanced AI model from Google, has outperformed GPT-4 on a slate of benchmarks for evaluating AI, Google said.",2023-12-09T16:25:00Z,Technology,Business Insider
132,132,The 5 most impressive yet subtle GTA 5 innovations open world games (and beyond) are only just catching up to - Yahoo Entertainment,Grand Theft Advent | The lessons the games industry is still learning from 2013's biggest hit,2023-12-09T15:00:11Z,Technology,GamesRadar+
133,133,First Teaser of PMDG's 777 in MSFS - FSElite,"PMDG shares an update to the Boeing 737, Universal Flight Tablet and preview of the Boeing 777.",2023-12-09T14:30:00Z,Technology,FSElite
134,134,"13 Great Deals on Headphones, Wireless Earbuds, and Gaming Headsets - WIRED","Whether you’re picking up a last-minute gift or treating yourself, now’s a great time to snag some headphones on sale.",2023-12-09T12:00:00Z,Technology,Wired
135,135,Skiing Over 70: How Dedicated Seniors Stay Safe On the Slopes - WSJ - The Wall Street Journal,A dedicated class of old-time skiers keep having fun in the mountains while staying safe—using training tools that could help athletes of all ages,2023-12-09T11:00:00Z,Technology,The Wall Street Journal
136,136,TikTok to invest $1.5 bln in GoTo unit to restart e-commerce in Indonesia - Reuters,,2023-12-11T05:42:21Z,Business,Reuters
137,137,"13 Relationship Deal-Breakers, According To Men - BuzzFeed","""Doing this tells me exactly who you are.""",2023-12-11T04:46:02Z,Business,Buzzfeed
138,138,Macy's investors mount $5.8 billion buyout bid - Reuters,,2023-12-11T04:29:00Z,Business,Reuters
139,139,‘These waiters know what they’re doing’: Woman discovers she was charged $16 for water she didn’t ask for—because server ‘hovered’ with card reader - The Daily Dot,A fancy restaurant overcharged a woman for water. Now she's calling them out on their 'deceptive practices.',2023-12-11T03:31:51Z,Business,The Daily Dot
140,140,Authorities issue alert about new retail gift card scam - NBC News,"With holiday shopping underway, authorities have issued an alert about a pervasive scam where criminals tamper with retail gift cards and steal people’s mone...",2023-12-11T03:30:10Z,Business,YouTube
141,141,"Bitcoin wipes nearly a week of gains in 20 minutes, falling under $41K - Cointelegraph","The price of Bitcoin briefly dipped below the $41,000 mark on December 11.",2023-12-11T03:22:30Z,Business,Cointelegraph
142,142,"DoorDash, MongoDB To Join Nasdaq 100; Enphase, Zoom Video Exit - Investor's Business Daily",,2023-12-11T03:02:00Z,Business,Investor's Business Daily
143,143,"Asian stocks rise with Fed in focus, Chinese disinflation woes weigh By Investing.com - Investing.com","Asian stocks rise with Fed in focus, Chinese disinflation woes weigh",2023-12-11T02:15:00Z,Business,Investing.com
144,144,Blighted new S.F. condo building set to be reborn as rentals in 2024 - San Francisco Chronicle,,2023-12-11T01:54:50Z,Business,San Francisco Chronicle
145,145,Japanese tech giant Rakuten plans to launch proprietary AI model - CNBC,Rakuten CEO Hiroshi Mikitani said the company is planning to launch its own large language model.,2023-12-11T01:39:00Z,Business,CNBC
146,146,SumUp taps €285M more in growth funding to weather the fintech storm - TechCrunch,"SumUp -- the fintech that provides payments and related services to some 4 million small businesses in Europe, the Americas and Australia -- has picked up",2023-12-11T01:34:00Z,Business,TechCrunch
147,147,A Record High Is in the Cards for US Stocks in 2024 - Bloomberg,"Survey participants expect the US to avoid a recession, but they view weaker consumers as the biggest threat to the rally",2023-12-11T01:01:14Z,Business,Bloomberg
148,148,34 Pretty Trinkets To Buy Yourself Just Because - BuzzFeed,"Hmm, would you look at the time, it's ""buy myself this cult-fave $15 ring for no reason o'clock.""",2023-12-11T01:01:02Z,Business,Buzzfeed
150,150,Wall Street Gets Ready to Cash In on $1 Trillion Climate Market - Yahoo Finance,,2023-12-11T00:00:00Z,Business,Yahoo Entertainment
151,151,Jack Ma's Biggest E-Commerce Rival Is Coming for Amazon - Yahoo Finance,(Bloomberg) -- Jack Ma essentially invented the e-commerce business in China by co-founding Alibaba Group Holding Ltd. and steering it to the top of the...,2023-12-11T00:00:00Z,Business,Yahoo Entertainment
152,152,Shari Redstone reportedly in talks to sell Paramount parent to Skydance - MarketWatch,"Media tycoon Shari Redstone is in talks to sell controlling interesting in Paramount parent National Amusements to media and entertainment company Skydance,...",2023-12-10T23:49:00Z,Business,MarketWatch
153,153,CNBC Daily Open: Soft landing in sight? - CNBC,"A resilient jobs market, together with buoyant consumer sentiment, are preparing the path for a soft economic landing.",2023-12-10T23:48:51Z,Business,CNBC
154,154,Stock futures are little changed ahead of final Fed meeting of 2023: Live updates - CNBC,Stock futures are little changed as investors await this week's final Fed meeting of 2023 for signals on when central bankers will begin to cut rates.,2023-12-10T23:46:00Z,Business,CNBC
155,155,"Is There a Mass Exodus of Former Silicon Valley Tech Companies From Austin, Texas? - Slashdot","""Over the years, Austin has seen a huge migration of tech companies moving to the city, from billionaire owners of Twitter (X) to the largest search engine in the world,"" according to a local news site in Texas. 

""But many startups are now choosing to leave …",2023-12-10T23:46:00Z,Business,Slashdot.org
156,156,Target's Best 12 Under $40 Holiday Dresses - Real Simple,"Target’s winter collection is full of flattering and comfortable dresses for holiday parties. Shop midi and mini dresses in winter fabrics from popular brands like Universal Thread, Wild Fable, and more.",2023-12-10T22:00:00Z,Business,Real Simple
157,157,Meathead Movers sued over age discrimination after touting 'student-athlete' workers - Fox Business,The Equal Employment Opportunity Commission is suing a moving company called Meathead Movers over alleged age discrimination in its hiring and marketing practices.,2023-12-10T21:55:00Z,Business,Fox Business
158,158,Cigna pulls out of blockbuster deal to create insurance giant with Humana - Financial Times,Merger would have been largest of year and created a $140bn healthcare insurer,2023-12-10T21:47:39Z,Business,Financial Times
159,159,SCAM ALERT! If you use Paypal you may want to read this. - Daily Kos,Here’s what happened to me. I got a robocall yesterday claiming it was from Paypal. It was an alert warning me that someone was attempting to change my password. If it helps the number was (888)401-5203. The automated voice said that someone was trying...,2023-12-10T21:34:18Z,Business,Dailykos.com
160,160,"Portland Police's retail theft mission arrests 24, recovers over $3,500 - KATU","The Portland Police Bureau&rsquo;s Central and East Precincts conducted a retail theft mission on Saturday, December 9.Officials say the mission resulted in 24 arres",2023-12-10T20:58:52Z,Business,KATU
161,161,Bitcoin’s bounce ‘still early innings’ - Fox Business,Bitcoin has been climbing and the tailwinds behind the largest cryptocurrency by market value may continue to drive prices higher into 2024. Coinbase is also sending off a bullish signal.,2023-12-10T20:35:00Z,Business,Fox Business
162,162,"As first phase of Kennedy Expressway rehab ends, here's what lies ahead for Chicago - NBC Chicago","The Kennedy Expressway is set to return to normal for at least a few months, as Phase 1 of an ambitious $150 million project is wrapping up this weekend.",2023-12-10T20:11:55Z,Business,NBC Chicago
163,163,This 2024 Rule Change Could Crush Tesla Stock - The Motley Fool,Tesla is losing a valuable tax credit on some vehicles. Here's what it means.,2023-12-10T19:53:00Z,Business,Motley Fool
164,164,Battery Startup ONE Demotes Founder and CEO During Cash Crunch - Bloomberg,"Our Next Energy Inc., a battery startup that hopes to rival China with vital energy storage technology, has replaced founder and Chief Executive Officer Mujeeb Ijaz as it faces a failed funding round and cash crunch.",2023-12-10T19:42:55Z,Business,Bloomberg
165,165,"Tesla Cybertruck Officially Approved For $7,500 EV Tax Credit - InsideEVs ","The recently launched Tesla Cybertruck has been officially approved for the $7,500 federal tax credit in 2023.",2023-12-10T18:39:00Z,Business,InsideEVs 
166,166,"NYC's $15 congestion toll bad for Broadway shows, rep says: 'Just another impediment - New York Post ",The head of a business group representing the Broadway Theater District and Times Square gave a scathing review to the state’s plan to impose a $15 “congestion” toll to enter the …,2023-12-10T18:21:00Z,Business,New York Post
167,167,Two Mega Millions tickets that hit $394 million jackpot sold at same California store - Sacramento Bee,"An Encino gas station sold two Mega Millions tickets that hit the $394 million jackpot Dec. 8, California Lottery officials say.",2023-12-10T17:46:11Z,Business,Sacramento Bee
168,168,What Sam Altman did that was so bad he got fired from OpenAI - Business Insider,"As details about Sam Altman's brief (yet still shocking) ouster come to light, it seems as if Altman may have at times been a manipulative leader.",2023-12-10T17:21:00Z,Business,Business Insider
169,169,McDonald’s opens first location of new spinoff chain focusing on customizable drinks - NBC News,"The drive-thru line at an Illinois shopping center stretched for more than a mile on the opening day of America’s first-ever CosMc’s, a new chain opened by M...",2023-12-10T17:15:02Z,Business,YouTube
170,170,"Younger shoppers using buy now, pay later more: VantageScore CEO - Yahoo Finance","Credit card debt and delinquencies are rising, with some experts warning of a credit card crisis with the advent of holiday spending. Younger consumers are h...",2023-12-10T17:00:24Z,Business,YouTube
171,171,"Home prices will fall in Portland next year, real estate analysts predict - KOIN.com",Home prices here are expected to drop by much more than the national average.,2023-12-10T15:15:00Z,Business,KOIN.com
172,172,Timiraos: Fed unlikley to talk about rate cuts and perhaps may not for several months - ForexLive,The Fed decision is on Wednesday and WSJ Fedwatcher Nick Timiraos is out with his latest. Here's the key passage: . Fed officials aren’t likely to entertain serious conversations about when to cut ...,2023-12-10T14:55:00Z,Business,ForexLive
173,173,Nvidia CEO aims to set up a base in Vietnam - Reuters,,2023-12-10T14:45:00Z,Business,Reuters
174,174,What the billion-dollar battle over bankrupt freight company Yellow means to truckers and the economy - CNBC,"Bankrupt trucking company Yellow turned down a billion-dollar bid to resurrect its operations, but the blow is more to the individual trucker than the economy.",2023-12-10T14:30:46Z,Business,CNBC
175,175,"The 50+ best Amazon deals this weekend — save up to 80% on Keurig, AirPods, vacuums and more - Yahoo Life","Plus, score toys, throw blankets and more gifts for the entire family for a steal.",2023-12-10T14:22:10Z,Business,Yahoo Entertainment
176,176,"There's a hidden benefit to Alaska Airlines buying Hawaiian Airlines, and you'll love it - The Manual","This deal has the potential to change air travel as we know it, and can be even more useful for frequent flyers.",2023-12-10T14:00:23Z,Business,Themanual.com
177,177,6 Dynamic New Aircraft That Are Hitting the Skies Soon - Robb Report,"A bumper crop of highly-anticipated releases by names like Cessna, Gulfstream, and Dassault is on the horizon.",2023-12-10T14:00:00Z,Business,Robb Report
178,178,"Pledges from climate talks not enough to limit global warming to 1.5 degrees, IEA says - CNN","The world is still way off track to limit global warming to a crucial 1.5-degree threshold, despite pledges made by dozens of countries at UN-backed climate talks in Dubai, an analysis by the International Energy Agency published Sunday shows.",2023-12-10T13:55:00Z,Business,CNN
179,179,"China proposes trading cost cuts for mutual funds, to regulate commissions - Reuters","China's securities regulator has published draft rules aimed at cutting trading commissions for mutual funds and addressing the conflict of interest between the securities trading and fund sales businesses of brokerages, the latest reform to the $3.8 trillion…",2023-12-10T13:41:00Z,Business,Reuters
180,180,Troubled retailer Sears quietly reopens two stores. What is behind the comeback? - The Mercury News,"The talk of Sears’ demise may be premature: just two months ago, a previously shuttered Sears in Burbank quietly turned the lights back on. Two weeks after that, another reopened in Washington.",2023-12-10T13:01:20Z,Business,The Mercury News
181,181,"Amid Mass Layoffs, Spotify's Chief Financial Officer Announces Exit - NDTV",Paul Vogel joined the company in 2016 as the head of investor relations and was promoted to the position of CFO in 2020.,2023-12-10T12:44:40Z,Business,NDTV News
182,182,Auto loan rejections are at an all-time high — here's how to improve your odds of getting approved - CNBC,Rejection rates for auto loans and other lines of credit have risen this year.,2023-12-10T12:00:48Z,Business,CNBC
183,183,"Charlie Munger Talked Regrets, Mistakes, Lessons in Final TV Interview - Markets Insider","Charlie Munger said he could have been a trillionaire, buying Alibaba for his family was his worst trade, and he doesn't regret his Diet Coke habit.",2023-12-10T11:35:00Z,Business,Business Insider
184,184,25 Things To Organize All The Miscellaneous Stuff Lying Around Your Home - BuzzFeed,"Finally tackle clutter in your closet, cabinets, junk drawers, and more.",2023-12-10T11:31:03Z,Business,Buzzfeed
185,185,"Mortgage Interest Rates Today, December 10, 2023 | Rates At Lowest Point Since Late July - Business Insider","These are today's mortgage and refinance rates. As inflation has slowed, rates have fallen to their lowest levels in over four months. And they could drop further.",2023-12-10T11:00:00Z,Business,Business Insider
186,186,Renters Are Starting to Get Concessions From Landlords Again - The Wall Street Journal,"After years of double-digit rent increases, owners are vying to fill new buildings by offering a month free, gift cards and other perks",2023-12-10T10:30:00Z,Business,The Wall Street Journal
187,187,Heathrow Airport: How Saudi Arabia May Ultimately Gain Control - Bloomberg,"Saudi Arabia may ultimately gain majority control of London Heathrow Airport, Europe’s busiest, as several shareholders consider the sale of their interests, the Times reported on Sunday.",2023-12-10T09:35:50Z,Business,Bloomberg
188,188,Moody's Wonders If China's Debt Troubles Echo Bubble-Era Japan - Forbes,"When Moody’s Investors Service announced to the world it might downgrade China, the lessons from Japan’s deflationary nightmare were written between the lines in bold font.",2023-12-10T09:00:00Z,Business,Forbes
189,189,Why Treasury Auctions Have Wall Street on Edge - The Wall Street Journal,Here’s what investors are watching in the U.S. government’s coming debt sales,2023-12-10T02:32:24Z,Business,The Wall Street Journal
190,190,Thousands descend on NYC for the annual Santa-themed bar crawl SantaCon - The Associated Press,Thousands of people dressed as jolly Old St. Nick have descended on New York City for the annual SantaCon charity pub crawl. The booze-fueled stroll through Manhattan kicked off Saturday morning in bars in midtown. Revelers were expected to make their way dow…,2023-12-09T23:05:00Z,Business,Associated Press
191,191,Why FDA approval of sickle cell gene therapy is a 'big deal' - PBS NewsHour,"Sickle cell disease is a chronic, debilitating condition that affects nearly 100,000 Americans, most of them with African ancestry. Now, the FDA has approved a groundbreaking treatment for it that uses the gene-editing tool CRISPR. John Yang speaks with Yale …",2023-12-09T22:40:56Z,Business,PBS
192,192,"OpenAI Investigates 'Lazy' GPT-4 Complaints On Google Reviews, X - Search Engine Journal",Is GPT-4 performance declining? Explore OpenAI's insights on training chat models and response to complaints shared on Google Reviews and X.,2023-12-09T18:53:29Z,Business,Search Engine Journal
193,193,Why retailers don't do more to prevent shoplifting - CNN,"Why don't retailers do more to prevent shoplifting? ""There is no merchandise in the store more valuable than the safety and well-being of the employees and t...",2023-12-09T18:30:02Z,Business,YouTube
194,194,Microsoft Tried to Mask Its Power Over OpenAI. the Sam Altman Drama Ruined That. - Business Insider,"Sam Altman's firing from OpenAI, and the role Microsoft played in his return, has revealed the power the software giant exerts over the startup.",2023-12-09T16:59:00Z,Business,Business Insider
195,195,You'll be buying electric cars from tech companies soon – here's why - TechRadar,Xiaomi reveals its EV plans… but is this just the beginning?,2023-12-09T16:00:40Z,Business,TechRadar
196,196,Swedish court rules against Tesla as labor woes spread to Denmark and Finland - Boing Boing,"A court in Sweden has thrown out Tesla’s lawsuit against the country’s postal service, which is backing Tesla mechanics’ strike there by refusing to deliver plates for the U.S. ca…",2023-12-09T15:55:35Z,Business,Boing Boing
197,197,China’s deflation fears intensify as consumer prices fall at the steepest pace in three years - Fortune,Deflation is dangerous for China because it can lead to a downward spiral of economic activity.,2023-12-09T15:10:00Z,Business,Fortune
198,198,"Landspace launches third methane Zhuque-2, targets 2025 launch of new stainless steel rocket - SpaceNews","Landspace launches third methane Zhuque-2, targets 2025 launch of new stainless steel rocket Chinese launch startup Landspace successfully sent satellites into orbit for the first time Friday and revealed details of a new stainless steel rocket.",2023-12-09T14:40:10Z,Business,SpaceNews
199,199,System of intelligence — generative AI at the app layer - TechCrunch,"As generative AI shapes the next generation of application products, we can expect even more sweeping evolution.",2023-12-09T14:36:02Z,Business,TechCrunch
200,200,AMD Stock: All Eyes on the New AI Chip — Here’s What Morgan Stanley Expects - TipRanks,"On Thursday, December 7, 2023, semiconductor chip powerhouse Advanced Micro Devices (NASDAQ:AMD) unveiled its newest line of chips designed for the artificial intel...",2023-12-09T13:34:59Z,Business,Tipranks.com
201,201,Holiday theft: Metro Phoenix police share tips to stay safe - The Arizona Republic,"With an increase of holiday shopping online, residents should stay aware of package thieves, according to Chandler Police Department.",2023-12-09T13:04:05Z,Business,AZCentral
202,202,"The Fed watcher who called the 2007 housing bubble expects interest rates to stay high for ‘much, much, much longer.’ It’s payback for the unsustainable ‘free money era’ - Fortune",Jim Grant of Grant's Interest Rate Observer believes it will take years to undo the kinks from a decade of ultra-low interest rates.,2023-12-09T11:00:00Z,Business,Fortune
203,203,Baltimore's light rail is long overdue for a rehab. How did we get here? - The Baltimore Banner,The suspension of light rail service has raised questions about why the state did not overhaul its older railcars sooner.,2023-12-09T10:30:00Z,Business,Thebaltimorebanner.com
204,204,TikTok to invest $1.5 bln in GoTo unit to restart e-commerce in Indonesia - Reuters,,2023-12-11T05:42:21Z,Politics,Reuters
205,205,"December 10, 2023 Israel-Hamas war - CNN","Clashes between the Israeli military and Hamas are taking place in multiple parts of the Gaza Strip, including in the main southern city of Khan Younis. Follow here for the latest live news updates.",2023-12-11T05:36:04Z,Politics,CNN
206,206,"NFL Week 14 grades: Cowboys earn an 'A' for destroying Eagles, Chiefs get a 'C' for second straight loss - CBS Sports",Here are the Week 14 grades for every NFL team,2023-12-11T04:40:00Z,Politics,CBS Sports
207,207,Cowboys dominant against Eagles as NFC playoff race heats up - ESPN,"The Eagles struggled to get anything going on offense, while the Cowboys were in full control all night in Arlington.",2023-12-11T04:32:00Z,Politics,ESPN
208,208,Macy's investors mount $5.8 billion buyout bid - Reuters,,2023-12-11T04:29:00Z,Politics,Reuters
209,209,CNN Hero of the Year makes surprise announcement during acceptance speech - CNN,"Dr. Kwane Stewart — a veterinarian whose nonprofit, Project Street Vet, provides medical care to the pets of people experiencing homelessness — is the 2023 C...",2023-12-11T04:17:22Z,Politics,YouTube
210,210,Person of interest taken into custody in stabbing death of Detroit synagogue president: police - ABC News,"""DPD can confirm that a person of interest has been taken into custody.""",2023-12-11T03:54:11Z,Politics,ABC News
211,211,Russians banned from travel to hand over passports within five days - Reuters,"Russians who have been banned from travelling abroad will have to hand over their passports to authorities within five days after being notified, according to a government decree that comes into force on Monday.",2023-12-11T03:25:00Z,Politics,Reuters
212,212,Donald Trump cancels plans to testify at civil fraud trial in New York - Al Jazeera English,Former US president says he has ‘nothing more to say’ after testifying in his defence last month.,2023-12-11T03:12:53Z,Politics,Al Jazeera English
213,213,Lakers' LeBron James Shows Love to Bronny After USC Debut: 'You're Simply Incredible' - Bleacher Report,"Bronny James made his debut for the USC Trojans on Sunday, and his father and Los Angeles Lakers star LeBron James is beaming with pride. James paid tribute…",2023-12-11T03:02:38Z,Politics,Bleacher Report
214,214,Patrick Mahomes Says He Still Wants Travis Kelce's Non-TD to Be Shown When He Enters Hall of Fame - Sports Illustrated,"Travis Kelce made a play that should have gone down in NFL history. Instead, it was called back due to a penalty.",2023-12-11T02:41:38Z,Politics,Sports Illustrated
215,215,"Asian stocks rise with Fed in focus, Chinese disinflation woes weigh By Investing.com - Investing.com","Asian stocks rise with Fed in focus, Chinese disinflation woes weigh",2023-12-11T02:15:00Z,Politics,Investing.com
216,216,Nashville tornado: Residents clean up after severe weekend storms kill 6 - The Associated Press,"Photos posted by a fire department showed damaged houses with strewn debris, a tractor-trailer flipped on its side and insulation ripped out of building walls. Tens of thousands were still without power Sunday.",2023-12-11T02:01:00Z,Politics,Associated Press
217,217,University of Pennsylvania President resigns - 4 News Now,,2023-12-11T01:55:35Z,Politics,YouTube
218,218,"Deadly Rocky Mountain spotted fever outbreak in California likely came from Mexico, CDC says - Fox News","An outbreak of Rocky Mountain spotted fever reported in southern California has led to three deaths, according to a CDC advisory. Dr. Marc Siegel weighed in on the health situation.",2023-12-11T01:18:00Z,Politics,Fox News
219,219,GTA 6 fan reimagines trailer for Switch port using PlayStation 1 graphics - Dexerto,A GTA 6 fan has created the new announcement trailer using old school PlayStation graphics and claimed this is what the Switch port would be.,2023-12-11T00:59:37Z,Politics,Dexerto
220,220,Israel Hamas live updates: Netanyahu says Hamas militants surrendering - USA TODAY,,2023-12-11T00:19:53Z,Politics,USA Today
221,221,"'The Boy and the Heron,' Miyazaki's final film, soars to number one at the box office - WKRC TV Cincinnati","For the first time in Hayao Miyazaki's decades-spanning career, the 82-year-old Japanese anime master is No. 1 at the North American box office.",2023-12-10T23:55:41Z,Politics,WJLA
222,222,Stock futures are little changed ahead of final Fed meeting of 2023: Live updates - CNBC,Stock futures are little changed as investors await this week's final Fed meeting of 2023 for signals on when central bankers will begin to cut rates.,2023-12-10T23:46:00Z,Politics,CNBC
223,223,"Downpours, gusty winds, some snow move through New Hampshire into Monday - WMUR Manchester","A strong storm system is moving in, bringing heavy rain and areas of strong winds into Monday.",2023-12-10T23:43:00Z,Politics,WMUR Manchester
224,224,"Anna ""Chickadee"" Cardwell, reality TV star from ""Here Comes Honey Boo Boo,"" dies at 29 - CBS News","Reality TV star Mama June Shannon announced her daughter Anna ""Chickadee"" Cardwell died on Dec. 9 in an Instagram post.",2023-12-10T23:12:14Z,Politics,CBS News
225,225,Argentine President Milei warns economic shock unavoidable in maiden speech - Reuters Canada,"Argentina libertarian economist <a href=""/world/americas/argentinas-milei-must-learn-political-game-make-changes-he-seeks-2023-11-20/"">Javier Milei</a> took office on Sunday warning in his maiden speech that he had no alternative to a sharp, painful fiscal sh…",2023-12-10T23:04:00Z,Politics,Reuters
226,226,Senator Warren calls out Apple for shutting down Beeper’s ‘iMessage to Android’ solution - TechCrunch,"U.S. Senator Elizabeth Warren (D-Mass.) is throwing her weight behind Beeper, the app that allowed Android users to message iPhone users via iMessage,",2023-12-10T22:51:23Z,Politics,TechCrunch
227,227,"What to know about COVID, RSV and flu vaccines this winter - PBS NewsHour","As we head into the winter holidays, John Yang speaks with epidemiologist Katelyn Jetelina about the current state of affairs with COVID, RSV and flu infections, lagging vaccination rates and how to stay healthy this season.",2023-12-10T22:40:32Z,Politics,PBS
228,228,Democrat says charges against 'very troubled' Hunter Biden are 'legally justified' - New York Post ,Sen. Chris Murphy defended the latest charges slapped against first son Hunter Biden.,2023-12-10T21:16:00Z,Politics,New York Post
229,229,"Bachelor Nation's Kylee Russell and Aven Jones Break Up After ""Multiple Infidelities"" - E! NEWS","After Bachelor in Paradise's Kylee Russell announced she and Aven Jones had split following what she alleged were ""multiple infidelities,"" her ex issued an apology.",2023-12-10T21:09:00Z,Politics,Eonline.com
230,230,Apple may release M3 MacBook Air in March and refine its iPad lineup with new iPad Pro and iPad Air - Engadget,"Bloomberg's Mark Gurman has predicted Apple will release new iPad Pros and iPad Airs in March, both coming in two size options. He also says Apple will...",2023-12-10T20:54:25Z,Politics,Engadget
231,231,Pentagon's mysterious X-37B unmanned space drone set to launch again - New York Post ,"The US Space Force’s mysterious X-37B unmanned drone is expected to soar into space once again, this time reaching new heights — as some speculate it may be used to search for threats from hostile …",2023-12-10T20:12:00Z,Politics,New York Post
232,232,Activists protest against 'false solutions' at Cop28 - The Independent,,2023-12-10T18:22:31Z,Politics,YouTube
233,233,Colossal sea monster unearthed in UK - BBC News - BBC News,"The skull of a colossal sea monster has been extracted from the cliffs of the Jurassic Coast in Dorset, UK.It belongs to a pliosaur, a ferocious marine repti...",2023-12-10T17:19:42Z,Politics,YouTube
234,234,Elon Musk restores Alex Jones X account - Eyewitness News ABC7NY,The conspiracy theorist's X account has been reactivated by Elon Musk. Read more: https://abc7ny.com/elon-musk-x-alex-jones-account-reactivated/14161916/Find...,2023-12-10T16:22:41Z,Politics,YouTube
235,235,"Chronic fatigue syndrome is not rare, says new CDC survey - WBAL TV Baltimore",Health officials are releasing the first nationally representative estimate of how many U.S. adults have chronic fatigue syndrome: 3.3 million.,2023-12-10T12:53:00Z,Politics,WBAL TV Baltimore
236,236,"Some besieged Gazans say they face 'no future' there, want to leave for good - ABC News",“I cannot accept the idea of living here with my children.”,2023-12-10T11:06:36Z,Politics,ABC News
237,237,Combating Mystery Canine Illness Impacting Nation - MyMotherLode.com,The warnings have gone out around the country for pet owners to watch their dogs for any signs of the respiratory illness.,2023-12-09T22:00:59Z,Politics,MyMotherLode.com
238,238,"Gemini Ultra, Google's new AI, could be smarter than OpenAI's GPT-4 - Business Insider","Gemini Ultra, the most advanced AI model from Google, has outperformed GPT-4 on a slate of benchmarks for evaluating AI, Google said.",2023-12-09T16:25:00Z,Politics,Business Insider
239,239,"Saturday Citations: Extragalactic stars in the Milky Way, more biolinguistic evidence and couples coping with COVID - Phys.org","This week we look at migratory stars, communicative children and how to make the best cup of coffee, as well as examining some of the latest COVID advice.",2023-12-09T13:10:01Z,Politics,Phys.Org
240,240,Ancient Stars Forged Elements Heavier Than Anything Ever Found in Nature - ScienceAlert,"Stars at the very dawn of time must have been capable of creating elements far heavier than anything that has ever been found naturally occurring on Earth, or at all in the wider Universe.",2023-12-09T11:29:18Z,Politics,ScienceAlert
241,241,"San Jose Sharks at Vegas Golden Knights | FULL Shootout Highlights - December 10, 2023 - SPORTSNET","Watch the full shootout between the San Jose Sharks and the Vegas Golden Knights from Sunday, December 10, 2023. --------------------------------------------...",2023-12-11T05:56:14Z,Sports,YouTube
242,242,49ers QB Purdy extends historic passing streak in win vs. Seahawks - NBC Sports Bay Area,49ers quarterback Brock Purdy joined Joe Montana in the NFL record book after San Francisco’s Week 14 win over the Seahawks.,2023-12-11T05:24:37Z,Sports,Nbcsportsbayarea.com
243,243,Every Brandon Aubrey FG from historic 'SNF' performance | Week 14 - NFL,"Watch live local and primetime games, NFL RedZone, and NFL Network on Plus.NFL.comCheck out our other channels:NFL Mundo https://www.youtube.com/mundonflNFL ...",2023-12-11T05:09:03Z,Sports,YouTube
244,244,"NHL Highlights | Wild vs. Kraken - December 10, 2023 - SPORTSNET",Filip Gustavsson made 24 saves and Matt Boldy's goal held up as the winner as the Minnesota Wild shut out the Seattle Kraken 3-0.----------------------------...,2023-12-11T05:02:12Z,Sports,YouTube
245,245,"As NFL team owners head to Dallas for winter meetings, the league needs to address its officiating meltdown - Yahoo Sports",,2023-12-11T04:50:00Z,Sports,Yahoo Entertainment
246,246,"NFL Week 14 grades: Cowboys earn an 'A' for destroying Eagles, Chiefs get a 'C' for second straight loss - CBS Sports",Here are the Week 14 grades for every NFL team,2023-12-11T04:40:00Z,Sports,CBS Sports
247,247,Cowboys dominant against Eagles as NFC playoff race heats up - ESPN,"The Eagles struggled to get anything going on offense, while the Cowboys were in full control all night in Arlington.",2023-12-11T04:32:00Z,Sports,ESPN
248,248,"NFL Week 14 Recap: Immediate fantasy football takeaways from Sunday's games | Fantasy Football News, Rankings and Projections - Pro Football Focus","PFF's fantasy football recap focuses on player usage and stats, breaking down all the vital information you need to achieve fantasy success in 2023.",2023-12-11T04:07:12Z,Sports,Pff.com
249,249,‘Not very happy’- Ronald Araujo gives his verdict on Barcelona’s defeat to Girona - Barca Blaugranes,The defender spoke after the loss,2023-12-11T04:00:00Z,Sports,Barca Blaugranes
250,250,NFL Winners and Losers: Browns' Joe Flacco might go from his couch to the playoffs - Yahoo Sports,Joe Flacco was a forgotten man just a few weeks ago.,2023-12-11T03:55:00Z,Sports,Yahoo Entertainment
251,251,"NHL Highlights | Jets vs. Ducks - December 10, 2023 - SPORTSNET",Josh Morrissey dished two assists and Connor Hellebuyck made 25 saves as the Winnipeg Jets rode a four-goal third period to a 4-2 win over the Anaheim Ducks....,2023-12-11T03:52:06Z,Sports,YouTube
252,252,Seahawks encouraged by Drew Lock as Geno Smith's status unclear - ESPN,Pete Carroll and the Seahawks were encouraged by Drew Lock's play in Sunday's loss to the 49ers as Geno Smith's status for next game remains unclear.,2023-12-11T03:49:00Z,Sports,ESPN
253,253,"Patrick Mahomes loses it after Chiefs fall to Bills, explains what made him so angry: 'It's tough to swallow' - CBS Sports",Mahomes and Andy Reid were not happy with the refs after a late TD was negated,2023-12-11T03:33:00Z,Sports,CBS Sports
254,254,Facts about Shohei Ohtani's contract with the Dodgers - MLB.com,,2023-12-11T03:30:00Z,Sports,MLB.com
255,255,Pete Carroll says it's too soon to know if Geno Smith can play next week - NBC Sports,"The Seahawks played Sunday without Geno Smith, who was inactive with a groin injury.",2023-12-11T03:26:46Z,Sports,NBCSports.com
256,256,Bettors rushed to bet Blue Jays ahead of Ohtani decision - ESPN,"Amid rumors of Shohei Ohtani's interest in the Blue Jays on Friday, bettors at sportsbooks in the United States and Canada rushed to bet on Toronto to win the World Series.",2023-12-11T03:23:00Z,Sports,ESPN
257,257,Lakers' LeBron James Shows Love to Bronny After USC Debut: 'You're Simply Incredible' - Bleacher Report,"Bronny James made his debut for the USC Trojans on Sunday, and his father and Los Angeles Lakers star LeBron James is beaming with pride. James paid tribute…",2023-12-11T03:02:38Z,Sports,Bleacher Report
258,258,EDWARDS vs COVINGTON | UFC 296 Countdown - UFC,UFC 296 Countdown previews a welterweight title fight as welterweight king Leon Edwards battles Colby Covington. UFC 296 main card action kicks off on Saturd...,2023-12-11T02:10:00Z,Sports,YouTube
259,259,"Paige Bueckers reaches 1,000 career points at UConn 👏 | ESPN College Basketball - ESPN","Paige Bueckers joins Holly Rowe postgame after hitting 1,000 career points as the No. 17 UConn Huskies women’s basketball team defeated the No. 24 North Caro...",2023-12-11T02:06:09Z,Sports,YouTube
260,260,"Michigan State basketball falls at Nebraska, 77-70: 3 quick takes - Lansing State Journal",Columnist Graham Couch gives his initial thoughts on the Spartans' performance Sunday evening at Nebraska with three quick takes,2023-12-11T01:52:30Z,Sports,Lansing State Journal
261,261,"Myles Garrett calls officiating in Jags-Browns ""a travesty"" and ""honestly awful"" - NBC Sports","Though the Browns got a big conference win to move to 8-5 on the season, one of their best players was unhappy with the officiating after Sunday's 31-27 victory.",2023-12-11T01:52:03Z,Sports,NBCSports.com
262,262,Tony Romo's Taylor Swift-Travis Kelce flub sparks funny Jim Nantz quip - Fox News,"Tony Romo made a big mistake when he described Taylor Swift and Travis Kelce's relationship, sparking a funny quip from co-broadcaster Jim Nantz.",2023-12-11T01:51:00Z,Sports,Fox News
263,263,Inside the Saturday meeting that helped the Browns defense get its ‘swagger’ back in win over the Jaguars - cleveland.com,The Browns defense got back to its winning ways on Sunday following an unconventional Saturday meeting organized by coordinator Jim Schwartz.,2023-12-11T01:46:00Z,Sports,cleveland.com
264,264,Why things looked better for Memphis basketball in win over Texas A&M - Commercial Appeal,,2023-12-11T01:37:47Z,Sports,Commercial Appeal
265,265,Odell Beckham Jr. Loves Being on Winning Side vs. Rams - BaltimoreRavens.com,"Beating a team he once played for, Odell Beckham Jr. came up big in Baltimore’s victory over the Rams.",2023-12-11T01:35:25Z,Sports,BaltimoreRavens.com
266,266,"Iowa basketball drops third consecutive game, falls to 0-2 in Big Ten - Hawk Central",It's been a rough stretch for the Iowa men's basketball team. On Sunday the Hawkeyes lost at home against Michigan.,2023-12-11T01:09:27Z,Sports,Hawk Central
267,267,Vikings' Justin Jefferson taken to hospital with injury in short-lived return - New York Post ,"Justin Jefferson was back on the field for the Vikings after a seven-game absence, but his return was cut short after taking a hard hit in the second quarter against the Raiders.",2023-12-11T00:58:00Z,Sports,New York Post
268,268,49ers injury news from win over Seahawks - Niners Wire,Injury updates from Kyle Shanahan after the #49ers knocked off the Seahawks:,2023-12-11T00:46:00Z,Sports,USA Today
269,269,"Broncos four downs: Russell Wilson sticks fork in Brandon Staley, Chargers. Raiders stick fork in themselves. Playoffs? Heck, yeah, we’re talking playoffs. - The Denver Post",Initial thoughts from Broncos’ win over the Los Angeles Chargers in Week 14 at SoFi Stadium.,2023-12-11T00:44:16Z,Sports,The Denver Post
270,270,"49ers, Seahawks players scuffle leads to ejections as San Francisco comes away with win - Fox News",DK Metcalf started Sunday's game against the San Francisco 49ers as he and Deommodore Lenoir were ejected from the matchup in the fourth quarter.,2023-12-11T00:43:00Z,Sports,Fox News
271,271,Vikings at Raiders Game Observations: Pace's Pick Seals 3-0 Win After Mullens Sparks Offense - Vikings.com,,2023-12-11T00:40:51Z,Sports,Vikings.com
272,272,Denver Broncos vs. Los Angeles Chargers Game Highlights | NFL 2023 Week 14 - NFL,Check out our other channels:NFL Mundo https://www.youtube.com/mundonflNFL Brasil https://www.youtube.com/c/NFLBrasilOficialNFL UK https://www.youtube.com/ch...,2023-12-11T00:36:22Z,Sports,YouTube
273,273,Rapid Recap: Bears thump Lions at Soldier Field - ChicagoBears.com,"Dominant second-half performances on both sides of the ball powered the Bears to an impressive 28-13 win over the Lions Sunday at Soldier Field. The victory improved the Bears to 5-8, including 5-4 in their last nine games.",2023-12-11T00:33:45Z,Sports,ChicagoBears.com
274,274,Tylan Wallace authors walk-off punt return in Ravens' win - ESPN,"Tylan Wallace, who had not returned a punt in his three-year NFL career before Sunday, delivered a game-winning, 76-yard punt return for a score as the Baltimore Ravens outlasted the Los Angeles Rams in overtime.",2023-12-11T00:32:00Z,Sports,ESPN
275,275,Rod Walker: Saints beat NFL-worst Panthers in ugly fashion | Saints | nola.com - NOLA.com,There are 30 other NFL teams the New Orleans Saints wouldn't have beaten Sunday. They just happened to play the one team they could.,2023-12-11T00:30:00Z,Sports,NOLA.com
276,276,Minnesota Vikings vs. Las Vegas Raiders | 2023 Week 14 Game Highlights - NFL,Check out our other channels:NFL Mundo https://www.youtube.com/mundonflNFL Brasil https://www.youtube.com/c/NFLBrasilOficialNFL UK https://www.youtube.com/ch...,2023-12-11T00:29:33Z,Sports,YouTube
277,277,Highlights: 2023 USA Cyclocross National Championships - Elite Men - FloBikes,Watch the 2023 USA Cyclocross National Championships hightlights form the elite men's race. More coverage here: https://flosports.link/3uW2JCPWebsite: https:...,2023-12-11T00:20:51Z,Sports,YouTube
278,278,"NHL Highlights | Devils vs. Oilers - December 10, 2023 - SPORTSNET","Connor McDavid and Evander Kane each recorded a goal and an assist, Calvin Pickard made 26 saves on the night, and the Edmonton Oilers handled the New Jersey...",2023-12-11T00:20:22Z,Sports,YouTube
279,279,Jets defensive tackle Quinnen Williams concerned about Texans quarterback C.J. Stroud - AL.com,A hit by the former Alabama All-American knocked the rookie QB out of Sunday’s Houston-New York game.,2023-12-11T00:06:00Z,Sports,AL.com
280,280,Jets' Zach Wilson 'unbelievable' in winning return as starter - ESPN,"Zach Wilson threw two touchdown passes in his return as the Jets' starting quarterback, leading an upset over the Texans.",2023-12-11T00:03:00Z,Sports,ESPN
281,281,"Rob Gronkowski Believes It Was A ""Business Move"" To Keep FSU Out Of College Football Playoff - Sports Illustrated",NFL legend Rob Gronkowski believes the College Football Playoff Committee used Jordan Travis' injury as a way to keep the Seminoles out of the field.,2023-12-11T00:00:31Z,Sports,Sports Illustrated
282,282,BYU basketball: Cougars’ confidence still intact after loss to Utah - Deseret News,Coach Mark Pope says BYU (8-1) will benefit from having faced a mostly hostile crowd Saturday at Utah in 73-69 loss,2023-12-11T00:00:00Z,Sports,Deseret News
283,283,"WNBA mock draft: Clark is No. 1 to Fever, Pili enters the chat at 10th - ESPN",The Indiana Fever have the No. 1 pick for the second consecutive year. The question now is which players will declare for the 2024 draft.,2023-12-11T00:00:00Z,Sports,ESPN
284,284,Long Beach State Beach vs. USC Trojans | Full Game Highlights - ESPN,Take a look at top plays and highlight moments as the Long Beach State Beach came back to upset the USC Trojans during Bronny James' collegiate debut to get ...,2023-12-10T23:59:44Z,Sports,YouTube
285,285,LPGA Now | 2023 Grant Thornton Invitational Final Round - LPGA,Welcome to the official YouTube channel of the LPGA Tour. Here you can find everything you need to stay up to date with all of the action featuring some of t...,2023-12-10T23:52:32Z,Sports,YouTube
286,286,"Hofstra at Penn State | Highlights | Big Ten Wrestling | Dec. 10, 2023 - Big Ten Network",,2023-12-10T23:50:39Z,Sports,YouTube
287,287,Sources - Michigan State to hire Minnesota's Joe Rossi as DC - ESPN,"Michigan State is set to hire Minnesota's Joe Rossi as defensive coordinator, sources told ESPN.",2023-12-10T23:35:00Z,Sports,ESPN
288,288,"Colorado 90-63 Miami (Dec 10, 2023) Game Recap - ESPN","Expert recap and game analysis of the Colorado Buffaloes vs. Miami Hurricanes NCAAM game from December 10, 2023 on ESPN.",2023-12-10T22:30:00Z,Sports,ESPN
289,289,Bengals OVERWHELM Colts for 2nd STRAIGHT win | Game Recap | CBS Sports - CBS Sports,The CBS Sports HQ crew breaks down Colts-Bengals. SUBSCRIBE TO OUR CHANNEL:https://www.youtube.com/user/CBSSportsWATCHCBS Sports HQ: https://www.cbssports.co...,2023-12-10T22:13:14Z,Sports,YouTube
290,290,Los Angeles Rams vs. Baltimore Ravens | 2023 Week 14 Game Highlights - NFL,Check out our other channels:NFL Mundo https://www.youtube.com/mundonflNFL Brasil https://www.youtube.com/c/NFLBrasilOficialNFL UK https://www.youtube.com/ch...,2023-12-10T22:01:59Z,Sports,YouTube
291,291,"New York Reporter Reveals Why Padres, Yankees Juan Soto Trade Took so Long - Sports Illustrated",San Diego received much-needed depth in the trade.,2023-12-10T22:00:22Z,Sports,Sports Illustrated
292,292,"Pili scores career-high 37, but No. 11 Utah falls to No. 1 South Carolina - KSL.com",Alissa Pili's career performance wasn't enough in the end.,2023-12-10T21:54:55Z,Sports,KSL.com
293,293,New York Jets Highlights vs. Houston Texans | 2023 Regular Season Week 14 - New York Jets,"New York Jets Highlights vs. Houston Texans | 2023 Regular Season Week 14, 12/10/2023Subscribe to the New York Jets YT Channel: https://bit.ly/2KRtBJdFor mor...",2023-12-10T21:54:19Z,Sports,YouTube
294,294,Tottenham 4-1 Newcastle: Richarlison’s double and Son’s brilliance see off exhausted visitors - The Athletic,Tottenham rediscovered their winning touch with a convincing win over a fatigued Newcastle. Here's how…,2023-12-10T21:49:10Z,Sports,The Athletic
295,295,"PGA TOUR Policy Board agrees to advance negotiations with Strategic Sports Group, continue PIF negotiations - PGA TOUR",Negotiations with PIF anticipated to advance in coming weeks,2023-12-10T21:46:44Z,Sports,pgatour.com
296,296,"Iowa at Wisconsin | Highlights | Big Ten Women's Basketball | Dec. 10, 2023 - Big Ten Network",00:00:00 - 1st Quarter00:00:20 - 2nd Quarter00:01:16 - 3rd Quarter00:03:45 - 4th Quarter#iowahawkeyes #wisconsinbadgers #ncaawomensbasketballSUBSCRIBE to Big...,2023-12-10T21:36:31Z,Sports,YouTube
297,297,Instant Replay: Former BYU WR Makes Spectacular Diving Catch - KSL Sports,,2023-12-10T21:32:32Z,Sports,KSL Sports
298,298,Matt Entz Named USC Football Assistant Head Coach for Defense / Linebackers Coach - University of Southern California Official Athletic Site,"Matt Entz, a two-time FCS national championship winning head coach, has been named USC's assistant head coach for defense/linebackers coach.",2023-12-10T21:15:32Z,Sports,University of Southern California Official Athletic Site
299,299,"Frank Wycheck, former Maryland and NFL tight end, dies at 52 after apparent fall at home - Baltimore Sun","Three-time Pro Bowl tight end Frank Wycheck, a former Maryland star who threw the lateral that started the “Music City Miracle” with the Titans, has died. He was 52.",2023-12-10T21:11:15Z,Sports,Baltimore Sun
300,300,Week 14: What happened in Falcons home loss to the Buccaneers - AtlantaFalcons.com,The Falcons move to 6-7 on the season after their Week 14 rematch with the Buccaneers.,2023-12-10T21:06:35Z,Sports,AtlantaFalcons.com
301,301,"NHL Highlights | Panthers vs. Blue Jackets - December 10, 2023 - SPORTSNET","Aleksander Barkov had a goal and two assists, Sam Reinhart added four assists to his season tally, and the Florida Panthers took care of the Columbus Blue Ja...",2023-12-10T20:54:00Z,Sports,YouTube
302,302,"Dylan Crews, Jayden Daniels make history for LSU with Golden Spikes and Heisman - MLB.com",,2023-12-10T20:48:03Z,Sports,MLB.com
303,303,Illinois State-Norfolk State basketball: Alleged slurs bring ejections - Peoria Journal Star,"Illinois State vs. Norfolk State men's basketball saw more than a Redbirds loss, as benches cleared and fans were tossed for alleged racial slurs.",2023-12-10T17:45:55Z,Sports,Peoria Journal Star
304,304,Everton showed more 'desire' in win over Chelsea | Premier League | NBC Sports - NBC Sports,,2023-12-10T17:15:48Z,Sports,YouTube
305,305,New Orleans Saints inactives for Carolina Panthers game | 2023 NFL Week 14 - NewOrleansSaints.com,Taysom Hill is inactive,2023-12-10T16:41:15Z,Sports,NewOrleansSaints.com
306,306,Trevor Lawrence starting for Jaguars six days after ankle injury - New York Post ,Lawrence suffered a high-ankle sprain in a “Monday Night Football” loss to the Bengals less than a week ago.,2023-12-10T16:41:00Z,Sports,New York Post
307,307,NFL Week 14 Picks: Targeting the Buffalo Bills and the Baltimore Ravens - OddsChecker,,2023-12-10T16:20:00Z,Sports,Oddschecker
308,308,Bernardo Silva curls in Manchester City's equalizer against Luton Town | Premier League | NBC Sports - NBC Sports,Bernardo Silva's left-footed strike curls into the corner of the Luton Town goal to put Manchester City back on level terms at Kenilworth Road. #NBCSports #P...,2023-12-10T16:09:09Z,Sports,YouTube
309,309,"Jacksonville Jaguars vs. Cleveland Browns Prediction, Pick Against the Spread, and Latest Odds - OddsChecker",,2023-12-10T14:25:00Z,Sports,Oddschecker
310,310,"What Anthony Davis’ iconic, emotional performance in Lakers NBA Cup final win really means - The Athletic",Davis has made it clear he no longer needs the external validation. He stopped seeking it years ago. But his performance made a statement.,2023-12-10T13:00:44Z,Sports,The Athletic
